Sphericity,SurfaceVolumeRatio,Maximum3DDiameter,GLCM_Contrast,GLCM_Correlation,GLCM_IDM,GLSZM_SAE,GLSZM_LAE,GLSZM_ZP,GLRLM_SRE,GLRLM_LRE,GLRLM_RP,AgatstonScore,Category,PatientID
0.13418167863935218,4.286712496264712,102.34744745229361,0.41687817673354155,0.9732369975244273,0.998492659426982,0.9758898111579875,79.45256087321579,0.7174698795180723,0.9303108740451591,2.2575487865951898,0.8183966635773865,2759.0,3,synthetic_0.nii.gz
0.20345431480428028,1.8970659679276467,102.82995672468213,0.2462440823970312,0.9943778332554485,0.999472297719652,0.9699490586394324,330.7527706734868,0.3854748603351955,0.7804581480894786,5.070618141096774,0.5896256224879294,7729.0,3,synthetic_1.nii.gz
0.19585182567878287,2.0145089507702045,100.22474744293447,0.28676617754583067,0.9876501598411491,0.9989945865343182,0.9712468917883571,313.1655518394649,0.4051490514905149,0.7885052596013964,4.981746298104936,0.5946424848863873,5770.0,3,synthetic_2.nii.gz
0.18983930988228837,2.168665819776637,98.93937537704592,0.18325370938926847,0.9706501626173077,0.9986899365949091,0.9721299852506364,272.571072319202,0.4382513661202186,0.8084156518316701,4.588525737722589,0.6183830741207791,5142.0,3,synthetic_3.nii.gz
0.1552085118497324,3.323926608040717,101.08906963663283,0.1515270732544979,0.9918123723721128,0.9992156125696238,0.9647754684353385,120.2536170212766,0.6276709401709402,0.9003218156477057,2.811852041485229,0.7586702827087444,2968.0,3,synthetic_4.nii.gz
0.17845372954759633,2.5371724357260836,101.1582918005242,1.273354699489847,0.6752477406749554,0.9973309969061271,0.9718434180644285,199.97357203751065,0.5128989943156974,0.8485250485513439,3.808022795439486,0.6724294507416501,5550.0,3,synthetic_ct.nii.gz
